-- Server-side database for Symptom Management
-- Script for loading data into database
--
-- Created using a networked server Derby ver 10.11.1.1
-- Commands to work with the Derby server: 
-- Start network server: startnetworkserver.bat
-- Stop network server: stopnetworkserver.bat
-- Connect with ij: connect 'jdbc:derby:symptommgmnt;create=true'
-- Credentials: username=symptommgmnt; pwd==password1

SET SCHEMA APP;
--delete all previous data
--DELETE FROM CHECKIN_MEDICATION_QUESTION;
--DELETE FROM PATIENT_MEDICATION;
--DELETE FROM MEDICATION;
--DELETE FROM CHECKIN_QUESTIONS;
--DELETE FROM CHECKIN;
--DELETE FROM DOCTOR_PATIENT_RELATION;
--DELETE FROM USER_DETAILS;
--DELETE FROM USER_CREDENTIALS;
-- autogenerated user_id=1
INSERT INTO USER_CREDENTIALS(LOGIN_NAME,LOGIN_PWD) VALUES ('PATIENT1', 'PASSWORD1');
-- autogenerated user_id=2
INSERT INTO USER_CREDENTIALS(LOGIN_NAME,LOGIN_PWD) VALUES ('DOCTOR1', 'PASSWORD1');
--autogenerated user_id=3
INSERT INTO USER_CREDENTIALS(LOGIN_NAME,LOGIN_PWD) VALUES ('PATIENT2', 'PASSWORD1');

INSERT INTO USER_DETAILS (USER_ID,USER_LASTNAME,USER_FIRSTNAME,USER_PHONE,USER_EMAIL,USER_TYPE,USER_BIRTHDATE) VALUES (1,'Number1','Patient' /*not nullable*/,'2071231234','pat1@google.com','PA' /*not nullable*/,'1960-03-22'/*nullable*/);
INSERT INTO USER_DETAILS (USER_ID, USER_LASTNAME,USER_FIRSTNAME,USER_PHONE,USER_EMAIL,USER_TYPE) VALUES (2,'Number2','Doctor' /*not nullable*/,'2071234321','dr1@google.com','DR' /*not nullable*/);
INSERT INTO USER_DETAILS (USER_ID,USER_LASTNAME,USER_FIRSTNAME,USER_PHONE,USER_EMAIL,USER_TYPE,USER_BIRTHDATE) VALUES (3,'Number2','Patient' /*not nullable*/,'2071231235','pat2@google.com','PA' /*not nullable*/,'1954-09-12'/*nullable*/);
-- autogenerated relation_id=1
INSERT INTO DOCTOR_PATIENT_RELATION (PATIENT_ID,DOCTOR_ID) VALUES (1 /*not nullable*/,2 /*not nullable*/);
INSERT INTO DOCTOR_PATIENT_RELATION (PATIENT_ID,DOCTOR_ID) VALUES (3 /*not nullable*/,2 /*not nullable*/);
-- autogenerated checkin_id=1
INSERT INTO CHECKIN (PATIENT_ID,CHECKIN_DATETIME) VALUES (1 /*not nullable*/,'2014-10-18 12:27:44.627000' /*not nullable*/);
-- autogenerated checkin_id=2
INSERT INTO CHECKIN (PATIENT_ID,CHECKIN_DATETIME) VALUES (3 /*not nullable*/,'2014-10-18 12:27:44.627000' /*not nullable*/);
-- autogenerated checkin_id=3
INSERT INTO CHECKIN (PATIENT_ID,CHECKIN_DATETIME) VALUES (3 /*not nullable*/,'2014-10-18 09:22:00.000000' /*not nullable*/);
-- autogenerated checkin_id=4
INSERT INTO CHECKIN (PATIENT_ID,CHECKIN_DATETIME) VALUES (1 /*not nullable*/,'2014-10-18 08:27:00.000000' /*not nullable*/);

INSERT INTO CHECKIN_QUESTIONS (CHECKIN_ID,MOUTH_THROAT_PAIN,DOES_STOP_EAT_DRINK) VALUES (1,'SEV' /*not nullable*/,'S' /*not nullable*/);
INSERT INTO CHECKIN_QUESTIONS (CHECKIN_ID,MOUTH_THROAT_PAIN,DOES_STOP_EAT_DRINK) VALUES (2,'WLC' /*not nullable*/,'C' /*not nullable*/);
INSERT INTO CHECKIN_QUESTIONS (CHECKIN_ID,MOUTH_THROAT_PAIN,DOES_STOP_EAT_DRINK) VALUES (3,'SEV' /*not nullable*/,'C' /*not nullable*/);
--this record should trigger a SEV alert
INSERT INTO CHECKIN_QUESTIONS (CHECKIN_ID,MOUTH_THROAT_PAIN,DOES_STOP_EAT_DRINK) VALUES (4,'SEV' /*not nullable*/,'S' /*not nullable*/);
-- autogenerated medication_id=1
INSERT INTO MEDICATION (MEDICATION_NAME) VALUES ('LORTAB' /*not nullable*/);
-- autogenerated medication_id=2
INSERT INTO MEDICATION (MEDICATION_NAME) VALUES ('OXYCONTIN' /*not nullable*/);
-- autogenerated medication_id=3
INSERT INTO MEDICATION (MEDICATION_NAME) VALUES ('TYLENOL' /*not nullable*/);
INSERT INTO PATIENT_MEDICATION (PATIENT_ID,MEDICATION_ID,IS_ACTIVE) VALUES (1 /*not nullable*/,1 /*not nullable*/,'Y' /*not nullable*/);
INSERT INTO PATIENT_MEDICATION (PATIENT_ID,MEDICATION_ID,IS_ACTIVE) VALUES (1 /*not nullable*/,3 /*not nullable*/,'Y' /*not nullable*/);
INSERT INTO PATIENT_MEDICATION (PATIENT_ID,MEDICATION_ID,IS_ACTIVE) VALUES (3 /*not nullable*/,2 /*not nullable*/,'Y' /*not nullable*/);
INSERT INTO CHECKIN_MEDICATION_QUESTION (CHECKIN_ID,MEDICATION_ID,HAS_TAKEN_MEDICATION,DATE_TIME_TAKEN) VALUES (1,1 /*not nullable*/,'Y' /*not nullable*/,'2014-10-18 12:54:51.494000');
INSERT INTO CHECKIN_MEDICATION_QUESTION (CHECKIN_ID,MEDICATION_ID,HAS_TAKEN_MEDICATION,DATE_TIME_TAKEN) VALUES (1,3 /*not nullable*/,'Y' /*not nullable*/,'2014-10-18 12:54:52.494000');
INSERT INTO CHECKIN_MEDICATION_QUESTION (CHECKIN_ID,MEDICATION_ID,HAS_TAKEN_MEDICATION,DATE_TIME_TAKEN) VALUES (2,2 /*not nullable*/,'Y' /*not nullable*/,'2014-10-18 12:30:00.000000');
INSERT INTO CHECKIN_MEDICATION_QUESTION (CHECKIN_ID,MEDICATION_ID,HAS_TAKEN_MEDICATION,DATE_TIME_TAKEN) VALUES (3,2 /*not nullable*/,'Y' /*not nullable*/,'2014-10-18 18:00:00.000000');
INSERT INTO CHECKIN_MEDICATION_QUESTION (CHECKIN_ID,MEDICATION_ID,HAS_TAKEN_MEDICATION) VALUES (4,1 /*not nullable*/,'N' /*not nullable*/);--date_time_taken=null
INSERT INTO CHECKIN_MEDICATION_QUESTION (CHECKIN_ID,MEDICATION_ID,HAS_TAKEN_MEDICATION,DATE_TIME_TAKEN) VALUES (4,3 /*not nullable*/,'Y' /*not nullable*/,'2014-10-18 18:00:00.000000');
INSERT INTO PATIENT_ALERT (PATIENT_ID,CHECKIN_ID,ALERT_CODE,DR_NOTIFIED) VALUES(1,1,'SEV','N');
INSERT INTO PATIENT_ALERT (PATIENT_ID,CHECKIN_ID,ALERT_CODE,DR_NOTIFIED) VALUES(3,2,'CNT','Y');